{
    "game_name": "Orb of Nara",
    "enable_separate_user_config": false,
    "start_fullscreen": true,
    "show_splash_screen": false,
    "splash_screen_timeout_ms": 2000,
    "button_mappings": [
        {
            "a": {
                "keyboard_device": 0,
                "keyboard_keycode": 38,
                "gamepad_device": 0,
                "gamepad_button": 0
            },
            "b": {
                "keyboard_device": 0,
                "keyboard_keycode": 37,
                "gamepad_device": 0,
                "gamepad_button": 2
            },
            "select": {
                "keyboard_device": 0,
                "keyboard_keycode": 34,
                "gamepad_device": 0,
                "gamepad_button": 6
            },
            "start": {
                "keyboard_device": 0,
                "keyboard_keycode": 35,
                "gamepad_device": 0,
                "gamepad_button": 7
            },
            "up": {
                "keyboard_device": 0,
                "keyboard_keycode": 17,
                "gamepad_device": 0,
                "gamepad_button": 49153
            },
            "down": {
                "keyboard_device": 0,
                "keyboard_keycode": 31,
                "gamepad_device": 0,
                "gamepad_button": 32769
            },
            "left": {
                "keyboard_device": 0,
                "keyboard_keycode": 30,
                "gamepad_device": 0,
                "gamepad_button": 49152
            },
            "right": {
                "keyboard_device": 0,
                "keyboard_keycode": 32,
                "gamepad_device": 0,
                "gamepad_button": 32768
            }
        },
        {
            "a": {
                "keyboard_device": 0,
                "keyboard_keycode": 0,
                "gamepad_device": 0,
                "gamepad_button": 0
            },
            "b": {
                "keyboard_device": 4294967295,
                "keyboard_keycode": 4294967295,
                "gamepad_device": 4294967295,
                "gamepad_button": 4294967295
            },
            "select": {
                "keyboard_device": 4294967295,
                "keyboard_keycode": 4294967295,
                "gamepad_device": 4294967295,
                "gamepad_button": 4294967295
            },
            "start": {
                "keyboard_device": 4294967295,
                "keyboard_keycode": 4294967295,
                "gamepad_device": 4294967295,
                "gamepad_button": 4294967295
            },
            "up": {
                "keyboard_device": 4294967295,
                "keyboard_keycode": 4294967295,
                "gamepad_device": 4294967295,
                "gamepad_button": 4294967295
            },
            "down": {
                "keyboard_device": 4294967295,
                "keyboard_keycode": 4294967295,
                "gamepad_device": 4294967295,
                "gamepad_button": 4294967295
            },
            "left": {
                "keyboard_device": 4294967295,
                "keyboard_keycode": 4294967295,
                "gamepad_device": 4294967295,
                "gamepad_button": 4294967295
            },
            "right": {
                "keyboard_device": 4294967295,
                "keyboard_keycode": 4294967295,
                "gamepad_device": 4294967295,
                "gamepad_button": 4294967295
            }
        }
    ]
}